maltego.Domain,maltego.DNSName,maltego.NSRecord,maltego.MXRecord,maltego.IPv4Address,maltego.Netblock,maltego.AS,maltego.Company,maltego.DNSName
,,,,,,3303,SWISSCOM Swisscom (Switzerland) Ltd,
,,,,,193.135.214.0-193.135.215.255,3303,,
,,,,193.135.215.55,193.135.214.0-193.135.215.255,,,
,dfir.compass-security.com,,,193.135.215.55,,,,
,dfir.compass-security.com,,,193.135.215.55,,,,
compass-security.com,dfir.compass-security.com,,,,,,,
compass-security.com,host-246-96.compass-security.com,,,,,,,
,host-246-96.compass-security.com,,,,,,,96.96-127.246.254.212.in-addr.arpa
compass-security.com,host-246-96.compass-security.com,,,,,,,
compass-security.com,,,,80.74.140.133,,,,
compass-security.com,,,,80.74.140.133,,,,
,www.compass-security.com,,,80.74.140.133,,,,
,www.compass-security.com,,,80.74.140.133,,,,
compass-security.com,www.compass-security.com,,,,,,,
,traefik-web.compass-security.com,,,80.74.140.133,,,,
,traefik-web.compass-security.com,,,80.74.140.133,,,,
compass-security.com,traefik-web.compass-security.com,,,,,,,
,,,,80.74.140.133,80.74.128.0-80.74.143.255,,,
,,,,80.74.140.117,80.74.128.0-80.74.143.255,,,
,hackyeaster.hacking-lab.com,,,80.74.140.117,,,,
,hackyeaster.hacking-lab.com,,,80.74.140.117,,,,
hacking-lab.com,hackyeaster.hacking-lab.com,,,,,,,
hacking-lab.com,,,,206.189.248.203,,,,
hacking-lab.com,,,,206.189.248.203,,,,
,traefik.global.hacking-lab.com,,,206.189.248.203,,,,
,traefik.global.hacking-lab.com,,,206.189.248.203,,,,
hacking-lab.com,traefik.global.hacking-lab.com,,,,,,,
,global.hacking-lab.com,,,206.189.248.203,,,,
,global.hacking-lab.com,,,206.189.248.203,,,,
hacking-lab.com,global.hacking-lab.com,,,,,,,
,resources.global.hacking-lab.com,,,206.189.248.203,,,,
,resources.global.hacking-lab.com,,,206.189.248.203,,,,
hacking-lab.com,resources.global.hacking-lab.com,,,,,,,
,nexus.global.hacking-lab.com,,,206.189.248.203,,,,
,nexus.global.hacking-lab.com,,,206.189.248.203,,,,
hacking-lab.com,nexus.global.hacking-lab.com,,,,,,,
,kookarai.hacking-lab.com,,,206.189.248.203,,,,
,kookarai.hacking-lab.com,,,206.189.248.203,,,,
hacking-lab.com,kookarai.hacking-lab.com,,,,,,,
,editor.global.hacking-lab.com,,,206.189.248.203,,,,
,editor.global.hacking-lab.com,,,206.189.248.203,,,,
hacking-lab.com,editor.global.hacking-lab.com,,,,,,,
,registry.global.hacking-lab.com,,,206.189.248.203,,,,
,registry.global.hacking-lab.com,,,206.189.248.203,,,,
hacking-lab.com,registry.global.hacking-lab.com,,,,,,,
,livecd.hacking-lab.com,,,206.189.248.203,,,,
,livecd.hacking-lab.com,,,206.189.248.203,,,,
hacking-lab.com,livecd.hacking-lab.com,,,,,,,
,,,,206.189.248.203,206.189.0.0-206.189.255.255,,,
,,,,206.189.248.203,206.189.0.0-206.189.255.255,,,
,,,,206.189.249.90,206.189.0.0-206.189.255.255,,,
,git.build.hacking-lab.com,,,206.189.249.90,,,,
,git.build.hacking-lab.com,,,206.189.249.90,,,,
hacking-lab.com,git.build.hacking-lab.com,,,,,,,
,,,,206.189.249.90,206.189.0.0-206.189.255.255,,,
,sonarqube.build.hacking-lab.com,,,206.189.249.90,,,,
,sonarqube.build.hacking-lab.com,,,206.189.249.90,,,,
hacking-lab.com,sonarqube.build.hacking-lab.com,,,,,,,
,repository.build.hacking-lab.com,,,206.189.249.90,,,,
,repository.build.hacking-lab.com,,,206.189.249.90,,,,
hacking-lab.com,repository.build.hacking-lab.com,,,,,,,
,build.hacking-lab.com,,,206.189.249.90,,,,
,build.hacking-lab.com,,,206.189.249.90,,,,
hacking-lab.com,build.hacking-lab.com,,,,,,,
,traefik.build.hacking-lab.com,,,206.189.249.90,,,,
,traefik.build.hacking-lab.com,,,206.189.249.90,,,,
hacking-lab.com,traefik.build.hacking-lab.com,,,,,,,
,nexus.build.hacking-lab.com,,,206.189.249.90,,,,
,nexus.build.hacking-lab.com,,,206.189.249.90,,,,
hacking-lab.com,nexus.build.hacking-lab.com,,,,,,,
,,,,206.189.249.90,206.189.248.0-206.189.251.255,,,
,,,,206.189.248.203,206.189.248.0-206.189.251.255,,,
,,,,206.189.249.90,206.189.248.0-206.189.251.255,,,
,minio.global.hacking-lab.com,,,206.189.248.203,,,,
,minio.global.hacking-lab.com,,,206.189.248.203,,,,
hacking-lab.com,minio.global.hacking-lab.com,,,,,,,
,ping.global.hacking-lab.com,,,206.189.248.203,,,,
,ping.global.hacking-lab.com,,,206.189.248.203,,,,
hacking-lab.com,ping.global.hacking-lab.com,,,,,,,
,git.global.hacking-lab.com,,,206.189.248.203,,,,
,git.global.hacking-lab.com,,,206.189.248.203,,,,
hacking-lab.com,git.global.hacking-lab.com,,,,,,,
,auth.global.hacking-lab.com,,,206.189.248.203,,,,
,auth.global.hacking-lab.com,,,206.189.248.203,,,,
hacking-lab.com,auth.global.hacking-lab.com,,,,,,,
,,,,206.189.248.203,206.189.248.0-206.189.251.255,,,
hacking-lab.com,,ns2.compass-security.com,,,,,,
compass-security.com,,ns2.compass-security.com,,,,,,
hacking-lab.com,,ns2.compass-security.com,,,,,,
hacking-lab.com,,ns1.compass-security.com,,,,,,
compass-security.com,,ns1.compass-security.com,,,,,,
hacking-lab.com,,ns1.compass-security.com,,,,,,
hacking-lab.com,,,mx1.compass-security.com,,,,,
compass-security.com,,,mx1.compass-security.com,,,,,
hacking-lab.com,,,mx1.compass-security.com,,,,,
,,,mx1.compass-security.com,,,,,41.215.135.193.in-addr.arpa
hacking-lab.com,,,mx2.compass-security.com,,,,,
compass-security.com,,,mx2.compass-security.com,,,,,
hacking-lab.com,,,mx2.compass-security.com,,,,,
,,,mx2.compass-security.com,,,,,154.85.2.62.in-addr.arpa
hacking-lab.com,,,,,,,,
hacking-lab.com,,,,,,,,114.154.74.80.in-addr.arpa
hacking-lab.com,editor.ost-dc.hacking-lab.com,,,,,,,
,editor.ost-dc.hacking-lab.com,,,152.96.6.131,,,,
,editor.ost-dc.hacking-lab.com,,,152.96.6.131,,,,
,res.academy.hacking-lab.com,,,152.96.6.131,,,,
,res.academy.hacking-lab.com,,,152.96.6.131,,,,
hacking-lab.com,res.academy.hacking-lab.com,,,,,,,
,ict-berufsbildung.hacking-lab.com,,,152.96.6.131,,,,
,ict-berufsbildung.hacking-lab.com,,,152.96.6.131,,,,
hacking-lab.com,ict-berufsbildung.hacking-lab.com,,,,,,,
,ranking.ecsc.hacking-lab.com,,,152.96.6.131,,,,
,ranking.ecsc.hacking-lab.com,,,152.96.6.131,,,,
hacking-lab.com,ranking.ecsc.hacking-lab.com,,,,,,,
,editor.competition.hacking-lab.com,,,152.96.6.131,,,,
,editor.competition.hacking-lab.com,,,152.96.6.131,,,,
hacking-lab.com,editor.competition.hacking-lab.com,,,,,,,
,bnd.hacking-lab.com,,,152.96.6.131,,,,
,bnd.hacking-lab.com,,,152.96.6.131,,,,
hacking-lab.com,bnd.hacking-lab.com,,,,,,,
,editor.ict-berufsbildung.hacking-lab.com,,,152.96.6.131,,,,
,editor.ict-berufsbildung.hacking-lab.com,,,152.96.6.131,,,,
hacking-lab.com,editor.ict-berufsbildung.hacking-lab.com,,,,,,,
,ranking.ict-berufsbildung.hacking-lab.com,,,152.96.6.131,,,,
,ranking.ict-berufsbildung.hacking-lab.com,,,152.96.6.131,,,,
hacking-lab.com,ranking.ict-berufsbildung.hacking-lab.com,,,,,,,
,scs.hacking-lab.com,,,152.96.6.131,,,,
,scs.hacking-lab.com,,,152.96.6.131,,,,
hacking-lab.com,scs.hacking-lab.com,,,,,,,
,ranking.acsc.hacking-lab.com,,,152.96.6.131,,,,
,ranking.acsc.hacking-lab.com,,,152.96.6.131,,,,
hacking-lab.com,ranking.acsc.hacking-lab.com,,,,,,,
,editor.compass.hacking-lab.com,,,152.96.6.131,,,,
,editor.compass.hacking-lab.com,,,152.96.6.131,,,,
hacking-lab.com,editor.compass.hacking-lab.com,,,,,,,
,ranking.hs-at.hacking-lab.com,,,152.96.6.131,,,,
,ranking.hs-at.hacking-lab.com,,,152.96.6.131,,,,
hacking-lab.com,ranking.hs-at.hacking-lab.com,,,,,,,
,ccs-db-adminer.bnd.ost-dc.hacking-lab.com,,,152.96.6.131,,,,
,ccs-db-adminer.bnd.ost-dc.hacking-lab.com,,,152.96.6.131,,,,
hacking-lab.com,ccs-db-adminer.bnd.ost-dc.hacking-lab.com,,,,,,,
,,,,152.96.6.131,152.96.0.0-152.96.255.255,,,
,,,,152.96.6.131,152.96.0.0-152.96.255.255,,,
,editor.sanren.hacking-lab.com,,,152.96.6.131,,,,
,editor.sanren.hacking-lab.com,,,152.96.6.131,,,,
hacking-lab.com,editor.sanren.hacking-lab.com,,,,,,,
,res.ost-dc.hacking-lab.com,,,152.96.6.131,,,,
,res.ost-dc.hacking-lab.com,,,152.96.6.131,,,,
hacking-lab.com,res.ost-dc.hacking-lab.com,,,,,,,
,assets.ost-dc.hacking-lab.com,,,152.96.6.131,,,,
,assets.ost-dc.hacking-lab.com,,,152.96.6.131,,,,
hacking-lab.com,assets.ost-dc.hacking-lab.com,,,,,,,
,res.scs.hacking-lab.com,,,152.96.6.131,,,,
,res.scs.hacking-lab.com,,,152.96.6.131,,,,
hacking-lab.com,res.scs.hacking-lab.com,,,,,,,
,res.competition.hacking-lab.com,,,152.96.6.131,,,,
,res.competition.hacking-lab.com,,,152.96.6.131,,,,
hacking-lab.com,res.competition.hacking-lab.com,,,,,,,
,academy.hacking-lab.com,,,152.96.6.131,,,,
,academy.hacking-lab.com,,,152.96.6.131,,,,
hacking-lab.com,academy.hacking-lab.com,,,,,,,
,compass.hacking-lab.com,,,152.96.6.131,,,,
,compass.hacking-lab.com,,,152.96.6.131,,,,
hacking-lab.com,compass.hacking-lab.com,,,,,,,
,competition.hacking-lab.com,,,152.96.6.131,,,,
,competition.hacking-lab.com,,,152.96.6.131,,,,
hacking-lab.com,competition.hacking-lab.com,,,,,,,
,res.vbs.hacking-lab.com,,,152.96.6.131,,,,
,res.vbs.hacking-lab.com,,,152.96.6.131,,,,
hacking-lab.com,res.vbs.hacking-lab.com,,,,,,,
,demo.hacking-lab.com,,,152.96.6.131,,,,
,demo.hacking-lab.com,,,152.96.6.131,,,,
hacking-lab.com,demo.hacking-lab.com,,,,,,,
,ranking.sanren.hacking-lab.com,,,152.96.6.131,,,,
,ranking.sanren.hacking-lab.com,,,152.96.6.131,,,,
hacking-lab.com,ranking.sanren.hacking-lab.com,,,,,,,
,editor.bnd.hacking-lab.com,,,152.96.6.131,,,,
,editor.bnd.hacking-lab.com,,,152.96.6.131,,,,
hacking-lab.com,editor.bnd.hacking-lab.com,,,,,,,
,cdn.ost-dc.hacking-lab.com,,,152.96.6.131,,,,
,cdn.ost-dc.hacking-lab.com,,,152.96.6.131,,,,
hacking-lab.com,cdn.ost-dc.hacking-lab.com,,,,,,,
,res.siw.hacking-lab.com,,,152.96.6.131,,,,
,res.siw.hacking-lab.com,,,152.96.6.131,,,,
hacking-lab.com,res.siw.hacking-lab.com,,,,,,,
,siw.hacking-lab.com,,,152.96.6.131,,,,
,siw.hacking-lab.com,,,152.96.6.131,,,,
hacking-lab.com,siw.hacking-lab.com,,,,,,,
,hs-at.hacking-lab.com,,,152.96.6.131,,,,
,hs-at.hacking-lab.com,,,152.96.6.131,,,,
hacking-lab.com,hs-at.hacking-lab.com,,,,,,,
,ranking.competition.hacking-lab.com,,,152.96.6.131,,,,
,ranking.competition.hacking-lab.com,,,152.96.6.131,,,,
hacking-lab.com,ranking.competition.hacking-lab.com,,,,,,,
,res.bnd.hacking-lab.com,,,152.96.6.131,,,,
,res.bnd.hacking-lab.com,,,152.96.6.131,,,,
hacking-lab.com,res.bnd.hacking-lab.com,,,,,,,
,editor.vbs.hacking-lab.com,,,152.96.6.131,,,,
,editor.vbs.hacking-lab.com,,,152.96.6.131,,,,
hacking-lab.com,editor.vbs.hacking-lab.com,,,,,,,
,res.sanren.hacking-lab.com,,,152.96.6.131,,,,
,res.sanren.hacking-lab.com,,,152.96.6.131,,,,
hacking-lab.com,res.sanren.hacking-lab.com,,,,,,,
,ranking.srh-berlin.hacking-lab.com,,,152.96.6.131,,,,
,ranking.srh-berlin.hacking-lab.com,,,152.96.6.131,,,,
hacking-lab.com,ranking.srh-berlin.hacking-lab.com,,,,,,,
,ranking.academy.hacking-lab.com,,,152.96.6.131,,,,
,ranking.academy.hacking-lab.com,,,152.96.6.131,,,,
hacking-lab.com,ranking.academy.hacking-lab.com,,,,,,,
,ranking.demo.hacking-lab.com,,,152.96.6.131,,,,
,ranking.demo.hacking-lab.com,,,152.96.6.131,,,,
hacking-lab.com,ranking.demo.hacking-lab.com,,,,,,,
,editor.siw.hacking-lab.com,,,152.96.6.131,,,,
,editor.siw.hacking-lab.com,,,152.96.6.131,,,,
hacking-lab.com,editor.siw.hacking-lab.com,,,,,,,
,ranking.scs.hacking-lab.com,,,152.96.6.131,,,,
,ranking.scs.hacking-lab.com,,,152.96.6.131,,,,
hacking-lab.com,ranking.scs.hacking-lab.com,,,,,,,
,ranking.cyberpeace.hacking-lab.com,,,152.96.6.131,,,,
,ranking.cyberpeace.hacking-lab.com,,,152.96.6.131,,,,
hacking-lab.com,ranking.cyberpeace.hacking-lab.com,,,,,,,
,res.acsc.hacking-lab.com,,,152.96.6.131,,,,
,res.acsc.hacking-lab.com,,,152.96.6.131,,,,
hacking-lab.com,res.acsc.hacking-lab.com,,,,,,,
,vbs.hacking-lab.com,,,152.96.6.131,,,,
,vbs.hacking-lab.com,,,152.96.6.131,,,,
hacking-lab.com,vbs.hacking-lab.com,,,,,,,
,ranking.compass.hacking-lab.com,,,152.96.6.131,,,,
,ranking.compass.hacking-lab.com,,,152.96.6.131,,,,
hacking-lab.com,ranking.compass.hacking-lab.com,,,,,,,
,ranking.hsr.hacking-lab.com,,,152.96.6.131,,,,
,ranking.hsr.hacking-lab.com,,,152.96.6.131,,,,
hacking-lab.com,ranking.hsr.hacking-lab.com,,,,,,,
,sector.hacking-lab.com,,,152.96.6.131,,,,
,sector.hacking-lab.com,,,152.96.6.131,,,,
hacking-lab.com,sector.hacking-lab.com,,,,,,,
,hslu.hacking-lab.com,,,152.96.6.131,,,,
,hslu.hacking-lab.com,,,152.96.6.131,,,,
hacking-lab.com,hslu.hacking-lab.com,,,,,,,
,res.swisscom.hacking-lab.com,,,152.96.6.131,,,,
,res.swisscom.hacking-lab.com,,,152.96.6.131,,,,
hacking-lab.com,res.swisscom.hacking-lab.com,,,,,,,
,help.hsr.hacking-lab.com,,,152.96.6.131,,,,
,help.hsr.hacking-lab.com,,,152.96.6.131,,,,
hacking-lab.com,help.hsr.hacking-lab.com,,,,,,,
,editor.cyberpeace.hacking-lab.com,,,152.96.6.131,,,,
,editor.cyberpeace.hacking-lab.com,,,152.96.6.131,,,,
hacking-lab.com,editor.cyberpeace.hacking-lab.com,,,,,,,
,auth.ost-dc.hacking-lab.com,,,152.96.6.131,,,,
,auth.ost-dc.hacking-lab.com,,,152.96.6.131,,,,
hacking-lab.com,auth.ost-dc.hacking-lab.com,,,,,,,
,ecsc.hacking-lab.com,,,152.96.6.131,,,,
,ecsc.hacking-lab.com,,,152.96.6.131,,,,
hacking-lab.com,ecsc.hacking-lab.com,,,,,,,
,res.ecsc.hacking-lab.com,,,152.96.6.131,,,,
,res.ecsc.hacking-lab.com,,,152.96.6.131,,,,
hacking-lab.com,res.ecsc.hacking-lab.com,,,,,,,
,srh-berlin.hacking-lab.com,,,152.96.6.131,,,,
,srh-berlin.hacking-lab.com,,,152.96.6.131,,,,
hacking-lab.com,srh-berlin.hacking-lab.com,,,,,,,
,sanren.hacking-lab.com,,,152.96.6.131,,,,
,sanren.hacking-lab.com,,,152.96.6.131,,,,
hacking-lab.com,sanren.hacking-lab.com,,,,,,,
,auth.hsr.hacking-lab.com,,,152.96.6.131,,,,
,auth.hsr.hacking-lab.com,,,152.96.6.131,,,,
hacking-lab.com,auth.hsr.hacking-lab.com,,,,,,,
,it-kolleg.hacking-lab.com,,,152.96.6.131,,,,
,it-kolleg.hacking-lab.com,,,152.96.6.131,,,,
hacking-lab.com,it-kolleg.hacking-lab.com,,,,,,,
,editor.ecsc.hacking-lab.com,,,152.96.6.131,,,,
,editor.ecsc.hacking-lab.com,,,152.96.6.131,,,,
hacking-lab.com,editor.ecsc.hacking-lab.com,,,,,,,
,res.csa.hacking-lab.com,,,152.96.6.131,,,,
,res.csa.hacking-lab.com,,,152.96.6.131,,,,
hacking-lab.com,res.csa.hacking-lab.com,,,,,,,
,ranking.swisscom.hacking-lab.com,,,152.96.6.131,,,,
,ranking.swisscom.hacking-lab.com,,,152.96.6.131,,,,
hacking-lab.com,ranking.swisscom.hacking-lab.com,,,,,,,
,traun.hacking-lab.com,,,152.96.6.131,,,,
,traun.hacking-lab.com,,,152.96.6.131,,,,
hacking-lab.com,traun.hacking-lab.com,,,,,,,
,editor.traun.hacking-lab.com,,,152.96.6.131,,,,
,editor.traun.hacking-lab.com,,,152.96.6.131,,,,
hacking-lab.com,editor.traun.hacking-lab.com,,,,,,,
,editor.srh-berlin.hacking-lab.com,,,152.96.6.131,,,,
,editor.srh-berlin.hacking-lab.com,,,152.96.6.131,,,,
hacking-lab.com,editor.srh-berlin.hacking-lab.com,,,,,,,
,res.demo.hacking-lab.com,,,152.96.6.131,,,,
,res.demo.hacking-lab.com,,,152.96.6.131,,,,
hacking-lab.com,res.demo.hacking-lab.com,,,,,,,
,res.hslu.hacking-lab.com,,,152.96.6.131,,,,
,res.hslu.hacking-lab.com,,,152.96.6.131,,,,
hacking-lab.com,res.hslu.hacking-lab.com,,,,,,,
,editor.acsc.hacking-lab.com,,,152.96.6.131,,,,
,editor.acsc.hacking-lab.com,,,152.96.6.131,,,,
hacking-lab.com,editor.acsc.hacking-lab.com,,,,,,,
,csa.hacking-lab.com,,,152.96.6.131,,,,
,csa.hacking-lab.com,,,152.96.6.131,,,,
hacking-lab.com,csa.hacking-lab.com,,,,,,,
,open-austria.hacking-lab.com,,,152.96.6.131,,,,
,open-austria.hacking-lab.com,,,152.96.6.131,,,,
hacking-lab.com,open-austria.hacking-lab.com,,,,,,,
,cyberpeace.hacking-lab.com,,,152.96.6.131,,,,
,cyberpeace.hacking-lab.com,,,152.96.6.131,,,,
hacking-lab.com,cyberpeace.hacking-lab.com,,,,,,,
,editor.hsr.hacking-lab.com,,,152.96.6.131,,,,
,editor.hsr.hacking-lab.com,,,152.96.6.131,,,,
hacking-lab.com,editor.hsr.hacking-lab.com,,,,,,,
,editor.demo.hacking-lab.com,,,152.96.6.131,,,,
,editor.demo.hacking-lab.com,,,152.96.6.131,,,,
hacking-lab.com,editor.demo.hacking-lab.com,,,,,,,
,res.cyberpeace.hacking-lab.com,,,152.96.6.131,,,,
,res.cyberpeace.hacking-lab.com,,,152.96.6.131,,,,
hacking-lab.com,res.cyberpeace.hacking-lab.com,,,,,,,
,res.ict-berufsbildung.hacking-lab.com,,,152.96.6.131,,,,
,res.ict-berufsbildung.hacking-lab.com,,,152.96.6.131,,,,
hacking-lab.com,res.ict-berufsbildung.hacking-lab.com,,,,,,,
,ranking.vbs.hacking-lab.com,,,152.96.6.131,,,,
,ranking.vbs.hacking-lab.com,,,152.96.6.131,,,,
hacking-lab.com,ranking.vbs.hacking-lab.com,,,,,,,
,editor.academy.hacking-lab.com,,,152.96.6.131,,,,
,editor.academy.hacking-lab.com,,,152.96.6.131,,,,
hacking-lab.com,editor.academy.hacking-lab.com,,,,,,,
,res.hs-at.hacking-lab.com,,,152.96.6.131,,,,
,res.hs-at.hacking-lab.com,,,152.96.6.131,,,,
hacking-lab.com,res.hs-at.hacking-lab.com,,,,,,,
,editor.scs.hacking-lab.com,,,152.96.6.131,,,,
,editor.scs.hacking-lab.com,,,152.96.6.131,,,,
hacking-lab.com,editor.scs.hacking-lab.com,,,,,,,
,swisscom.hacking-lab.com,,,152.96.6.131,,,,
,swisscom.hacking-lab.com,,,152.96.6.131,,,,
hacking-lab.com,swisscom.hacking-lab.com,,,,,,,
,editor.hslu.hacking-lab.com,,,152.96.6.131,,,,
,editor.hslu.hacking-lab.com,,,152.96.6.131,,,,
hacking-lab.com,editor.hslu.hacking-lab.com,,,,,,,
,res.it-kolleg.hacking-lab.com,,,152.96.6.131,,,,
,res.it-kolleg.hacking-lab.com,,,152.96.6.131,,,,
hacking-lab.com,res.it-kolleg.hacking-lab.com,,,,,,,
,ranking.cyberlandsholdet.hacking-lab.com,,,152.96.6.131,,,,
,ranking.cyberlandsholdet.hacking-lab.com,,,152.96.6.131,,,,
hacking-lab.com,ranking.cyberlandsholdet.hacking-lab.com,,,,,,,
,editor.cyberlandsholdet.hacking-lab.com,,,152.96.6.131,,,,
,editor.cyberlandsholdet.hacking-lab.com,,,152.96.6.131,,,,
hacking-lab.com,editor.cyberlandsholdet.hacking-lab.com,,,,,,,
,help.ost-dc.hacking-lab.com,,,152.96.6.131,,,,
,help.ost-dc.hacking-lab.com,,,152.96.6.131,,,,
hacking-lab.com,help.ost-dc.hacking-lab.com,,,,,,,
,res.compass.hacking-lab.com,,,152.96.6.131,,,,
,res.compass.hacking-lab.com,,,152.96.6.131,,,,
hacking-lab.com,res.compass.hacking-lab.com,,,,,,,
,res.hsr.hacking-lab.com,,,152.96.6.131,,,,
,res.hsr.hacking-lab.com,,,152.96.6.131,,,,
hacking-lab.com,res.hsr.hacking-lab.com,,,,,,,
,acsc.hacking-lab.com,,,152.96.6.131,,,,
,acsc.hacking-lab.com,,,152.96.6.131,,,,
hacking-lab.com,acsc.hacking-lab.com,,,,,,,
,cyberlandsholdet.hacking-lab.com,,,152.96.6.131,,,,
,cyberlandsholdet.hacking-lab.com,,,152.96.6.131,,,,
hacking-lab.com,cyberlandsholdet.hacking-lab.com,,,,,,,
,res.traun.hacking-lab.com,,,152.96.6.131,,,,
,res.traun.hacking-lab.com,,,152.96.6.131,,,,
hacking-lab.com,res.traun.hacking-lab.com,,,,,,,
,editor.csa.hacking-lab.com,,,152.96.6.131,,,,
,editor.csa.hacking-lab.com,,,152.96.6.131,,,,
hacking-lab.com,editor.csa.hacking-lab.com,,,,,,,
,res.srh-berlin.hacking-lab.com,,,152.96.6.131,,,,
,res.srh-berlin.hacking-lab.com,,,152.96.6.131,,,,
hacking-lab.com,res.srh-berlin.hacking-lab.com,,,,,,,
,ranking.siw.hacking-lab.com,,,152.96.6.131,,,,
,ranking.siw.hacking-lab.com,,,152.96.6.131,,,,
hacking-lab.com,ranking.siw.hacking-lab.com,,,,,,,
,editor.swisscom.hacking-lab.com,,,152.96.6.131,,,,
,editor.swisscom.hacking-lab.com,,,152.96.6.131,,,,
hacking-lab.com,editor.swisscom.hacking-lab.com,,,,,,,
,res.cyberlandsholdet.hacking-lab.com,,,152.96.6.131,,,,
,res.cyberlandsholdet.hacking-lab.com,,,152.96.6.131,,,,
hacking-lab.com,res.cyberlandsholdet.hacking-lab.com,,,,,,,
,editor.hs-at.hacking-lab.com,,,152.96.6.131,,,,
,editor.hs-at.hacking-lab.com,,,152.96.6.131,,,,
hacking-lab.com,editor.hs-at.hacking-lab.com,,,,,,,
,hsr.hacking-lab.com,,,152.96.6.131,,,,
,hsr.hacking-lab.com,,,152.96.6.131,,,,
hacking-lab.com,hsr.hacking-lab.com,,,,,,,
,team-austria.hacking-lab.com,,,152.96.6.131,,,,
,team-austria.hacking-lab.com,,,152.96.6.131,,,,
hacking-lab.com,team-austria.hacking-lab.com,,,,,,,
,editor.it-kolleg.hacking-lab.com,,,152.96.6.131,,,,
,editor.it-kolleg.hacking-lab.com,,,152.96.6.131,,,,
hacking-lab.com,editor.it-kolleg.hacking-lab.com,,,,,,,
hacking-lab.com,editor.ost-dc.hacking-lab.com,,,,,,,
hacking-lab.com,res.academy.hacking-lab.com,,,,,,,
hacking-lab.com,ict-berufsbildung.hacking-lab.com,,,,,,,
hacking-lab.com,ranking.ecsc.hacking-lab.com,,,,,,,
hacking-lab.com,editor.competition.hacking-lab.com,,,,,,,
hacking-lab.com,bnd.hacking-lab.com,,,,,,,
hacking-lab.com,editor.ict-berufsbildung.hacking-lab.com,,,,,,,
hacking-lab.com,ranking.ict-berufsbildung.hacking-lab.com,,,,,,,
hacking-lab.com,scs.hacking-lab.com,,,,,,,
hacking-lab.com,ranking.acsc.hacking-lab.com,,,,,,,
hacking-lab.com,editor.compass.hacking-lab.com,,,,,,,
hacking-lab.com,traefik.global.hacking-lab.com,,,,,,,
hacking-lab.com,ranking.hs-at.hacking-lab.com,,,,,,,
hacking-lab.com,hackyeaster.hacking-lab.com,,,,,,,
hacking-lab.com,ccs-db-adminer.bnd.ost-dc.hacking-lab.com,,,,,,,
hacking-lab.com,challenges.hacking-lab.com,,,,,,,
,challenges.hacking-lab.com,,,80.74.140.119,,,,
,media.compass-security.com,,,80.74.140.119,,,,
,media.compass-security.com,,,80.74.140.119,,,,
compass-security.com,media.compass-security.com,,,,,,,
,challenges.hacking-lab.com,,,80.74.140.119,,,,
,crl.compass-security.com,,,80.74.140.119,,,,
,crl.compass-security.com,,,80.74.140.119,,,,
compass-security.com,crl.compass-security.com,,,,,,,
,,,,80.74.140.119,80.74.128.0-80.74.143.255,,,
,media.hacking-lab.com,,,80.74.140.119,,,,
,media.hacking-lab.com,,,80.74.140.119,,,,
hacking-lab.com,media.hacking-lab.com,,,,,,,
,eucsc.hacking-lab.com,,,80.74.140.119,,,,
,eucsc.hacking-lab.com,,,80.74.140.119,,,,
hacking-lab.com,eucsc.hacking-lab.com,,,,,,,
hacking-lab.com,challenges.hacking-lab.com,,,,,,,
hacking-lab.com,editor.sanren.hacking-lab.com,,,,,,,
hacking-lab.com,global.hacking-lab.com,,,,,,,
hacking-lab.com,res.ost-dc.hacking-lab.com,,,,,,,
hacking-lab.com,assets.ost-dc.hacking-lab.com,,,,,,,
hacking-lab.com,resources.global.hacking-lab.com,,,,,,,
hacking-lab.com,nexus.global.hacking-lab.com,,,,,,,
hacking-lab.com,res.scs.hacking-lab.com,,,,,,,
hacking-lab.com,res.competition.hacking-lab.com,,,,,,,
hacking-lab.com,academy.hacking-lab.com,,,,,,,
hacking-lab.com,compass.hacking-lab.com,,,,,,,
hacking-lab.com,competition.hacking-lab.com,,,,,,,
hacking-lab.com,res.vbs.hacking-lab.com,,,,,,,
hacking-lab.com,demo.hacking-lab.com,,,,,,,
hacking-lab.com,ranking.sanren.hacking-lab.com,,,,,,,
hacking-lab.com,update.hacking-lab.com,,,,,,,
,update.hacking-lab.com,,,,,,,217.77.22.165.in-addr.arpa
,update.hacking-lab.com,,,165.22.77.217,,,,
,update.hacking-lab.com,,,165.22.77.217,,,,
,,,,165.22.77.217,165.22.0.0-165.22.255.255,,,
,,,,165.22.77.217,165.22.0.0-165.22.255.255,,,
,,,,165.22.77.217,165.22.64.0-165.22.79.255,,,
,,,,165.22.77.217,165.22.64.0-165.22.79.255,,,
hacking-lab.com,update.hacking-lab.com,,,,,,,
hacking-lab.com,editor.bnd.hacking-lab.com,,,,,,,
hacking-lab.com,cdn.ost-dc.hacking-lab.com,,,,,,,
hacking-lab.com,postfix.infra.hacking-lab.com,,,,,,,
,postfix.infra.hacking-lab.com,,,,,,,22.251.209.134.in-addr.arpa
,postfix.infra.hacking-lab.com,,,134.209.251.22,,,,
,postfix.infra.hacking-lab.com,,,134.209.251.22,,,,
,,,,134.209.251.22,134.209.0.0-134.209.255.255,,,
,,,,134.209.251.22,134.209.0.0-134.209.255.255,,,
,,,,134.209.251.22,134.209.240.0-134.209.255.255,,,
,,,,134.209.251.22,134.209.240.0-134.209.255.255,,,
hacking-lab.com,postfix.infra.hacking-lab.com,,,,,,,
hacking-lab.com,res.siw.hacking-lab.com,,,,,,,
hacking-lab.com,,,,,,,,112.154.74.80.in-addr.arpa
hacking-lab.com,mx.infra.hacking-lab.com,,,,,,,
,mx.infra.hacking-lab.com,,,159.89.215.106,,,,
,mx.infra.hacking-lab.com,,,159.89.215.106,,,,
,strapi.infra.hacking-lab.com,,,159.89.215.106,,,,
,strapi.infra.hacking-lab.com,,,159.89.215.106,,,,
hacking-lab.com,strapi.infra.hacking-lab.com,,,,,,,
,shop.infra.hacking-lab.com,,,159.89.215.106,,,,
,shop.infra.hacking-lab.com,,,159.89.215.106,,,,
hacking-lab.com,shop.infra.hacking-lab.com,,,,,,,
,minictf.hacking-lab.com,,,159.89.215.106,,,,
,minictf.hacking-lab.com,,,159.89.215.106,,,,
hacking-lab.com,minictf.hacking-lab.com,,,,,,,
,shc.hacking-lab.com,,,159.89.215.106,,,,
,shc.hacking-lab.com,,,159.89.215.106,,,,
hacking-lab.com,shc.hacking-lab.com,,,,,,,
,ping.infra.hacking-lab.com,,,159.89.215.106,,,,
,ping.infra.hacking-lab.com,,,159.89.215.106,,,,
hacking-lab.com,ping.infra.hacking-lab.com,,,,,,,
,strapi.hacking-lab.com,,,159.89.215.106,,,,
,strapi.hacking-lab.com,,,159.89.215.106,,,,
hacking-lab.com,strapi.hacking-lab.com,,,,,,,
,,,,159.89.215.106,159.89.212.0-159.89.215.255,,,
,,,,159.89.215.106,159.89.212.0-159.89.215.255,,,
,mongoui.hacking-lab.com,,,159.89.215.106,,,,
,mongoui.hacking-lab.com,,,159.89.215.106,,,,
hacking-lab.com,mongoui.hacking-lab.com,,,,,,,
,shop.hacking-lab.com,,,159.89.215.106,,,,
,shop.hacking-lab.com,,,159.89.215.106,,,,
hacking-lab.com,shop.hacking-lab.com,,,,,,,
,acsc2020.hacking-lab.com,,,159.89.215.106,,,,
,acsc2020.hacking-lab.com,,,159.89.215.106,,,,
hacking-lab.com,acsc2020.hacking-lab.com,,,,,,,
hacking-lab.com,mx.infra.hacking-lab.com,,,,,,,
hacking-lab.com,siw.hacking-lab.com,,,,,,,
hacking-lab.com,hs-at.hacking-lab.com,,,,,,,
hacking-lab.com,kookarai.hacking-lab.com,,,,,,,
hacking-lab.com,ranking.competition.hacking-lab.com,,,,,,,
hacking-lab.com,res.bnd.hacking-lab.com,,,,,,,
hacking-lab.com,editor.vbs.hacking-lab.com,,,,,,,
hacking-lab.com,res.sanren.hacking-lab.com,,,,,,,
hacking-lab.com,ranking.srh-berlin.hacking-lab.com,,,,,,,
hacking-lab.com,ranking.academy.hacking-lab.com,,,,,,,
hacking-lab.com,editor.global.hacking-lab.com,,,,,,,
hacking-lab.com,ranking.demo.hacking-lab.com,,,,,,,
hacking-lab.com,editor.siw.hacking-lab.com,,,,,,,
hacking-lab.com,strapi.infra.hacking-lab.com,,,,,,,
hacking-lab.com,ranking.scs.hacking-lab.com,,,,,,,
hacking-lab.com,dashboard.hacking-lab.com,,,,,,,
,dashboard.hacking-lab.com,,,212.254.246.104,,,,
,dashboard.hacking-lab.com,,,212.254.246.104,,,,
,,,,212.254.246.104,212.254.0.0-212.254.255.255,,,
,,,,212.254.246.123,212.254.0.0-212.254.255.255,,,
,feedback.compass-security.com,,,212.254.246.123,,,,
,feedback.compass-security.com,,,212.254.246.123,,,,
compass-security.com,feedback.compass-security.com,,,,,,,
,,,,212.254.246.123,212.254.0.0-212.254.255.255,,,
,,,,212.254.178.180,212.254.0.0-212.254.255.255,,,
,osiris.compass-security.com,,,212.254.178.180,,,,
,osiris.compass-security.com,,,,,,,180.160-190.178.254.212.in-addr.arpa
,osiris.compass-security.com,,,212.254.178.180,,,,
compass-security.com,osiris.compass-security.com,,,,,,,
,,,,212.254.178.180,212.254.0.0-212.254.255.255,,,
,,,,212.254.178.163,212.254.0.0-212.254.255.255,,,
,deli.compass-security.com,,,212.254.178.163,,,,
,deli.compass-security.com,,,212.254.178.163,,,,
compass-security.com,deli.compass-security.com,,,,,,,
,,,,212.254.178.163,212.254.0.0-212.254.255.255,,,
,,,,212.254.246.104,212.254.0.0-212.254.255.255,,,
,,,,212.254.246.102,212.254.0.0-212.254.255.255,,,
,,,,212.254.246.102,212.254.0.0-212.254.255.255,,,
,elab.compass-security.com,,,212.254.246.102,,,,
,elab.compass-security.com,,,212.254.246.102,,,,
compass-security.com,elab.compass-security.com,,,,,,,
,,,,212.254.246.105,212.254.0.0-212.254.255.255,,,
,,,,212.254.246.105,212.254.0.0-212.254.255.255,,,
,elabdev.compass-security.com,,,212.254.246.105,,,,
,elabdev.compass-security.com,,,212.254.246.105,,,,
compass-security.com,elabdev.compass-security.com,,,,,,,
hacking-lab.com,dashboard.hacking-lab.com,,,,,,,
hacking-lab.com,ranking.cyberpeace.hacking-lab.com,,,,,,,
hacking-lab.com,hackvent.hacking-lab.com,,,,,,,
,hackvent.hacking-lab.com,,,80.74.140.178,,,,
,,,,80.74.140.178,80.74.128.0-80.74.143.255,,,
,hackvent.hacking-lab.com,,,80.74.140.178,,,,
hacking-lab.com,hackvent.hacking-lab.com,,,,,,,
hacking-lab.com,media.hacking-lab.com,,,,,,,
hacking-lab.com,shop.infra.hacking-lab.com,,,,,,,
hacking-lab.com,res.acsc.hacking-lab.com,,,,,,,
hacking-lab.com,conficker.hacking-lab.com,,,,,,,
,conficker.hacking-lab.com,,,192.168.200.244,,,,
,conficker.hacking-lab.com,,,192.168.200.244,,,,
,,,,192.168.200.244,192.168.0.0-192.168.255.255,,,
,,,,192.168.200.244,192.168.0.0-192.168.255.255,,,
hacking-lab.com,conficker.hacking-lab.com,,,,,,,
hacking-lab.com,vbs.hacking-lab.com,,,,,,,
hacking-lab.com,ranking.compass.hacking-lab.com,,,,,,,
hacking-lab.com,ranking.hsr.hacking-lab.com,,,,,,,
hacking-lab.com,minictf.hacking-lab.com,,,,,,,
hacking-lab.com,sector.hacking-lab.com,,,,,,,
hacking-lab.com,hslu.hacking-lab.com,,,,,,,
hacking-lab.com,res.swisscom.hacking-lab.com,,,,,,,
hacking-lab.com,help.hsr.hacking-lab.com,,,,,,,
hacking-lab.com,www.hacking-lab.com,,,,,,,
,www.hacking-lab.com,,,80.74.154.114,,,,
,www.hacking-lab.com,,,80.74.154.114,,,,
,,,,80.74.154.114,80.74.144.0-80.74.159.255,,,
,,,,80.74.154.85,80.74.144.0-80.74.159.255,,,
,res.compass-security.com,,,80.74.154.85,,,,
,res.compass-security.com,,,80.74.154.85,,,,
compass-security.com,res.compass-security.com,,,,,,,
,,,,80.74.154.85,80.74.144.0-80.74.159.255,,,
,,,,80.74.154.112,80.74.144.0-80.74.159.255,,,
,sully.compass-security.com,,,80.74.154.112,,,,
,sully.compass-security.com,,,80.74.154.112,,,,
compass-security.com,sully.compass-security.com,,,,,,,
,,,,80.74.154.112,80.74.144.0-80.74.159.255,,,
,,,,80.74.154.114,80.74.144.0-80.74.159.255,,,
hacking-lab.com,www.hacking-lab.com,,,,,,,
hacking-lab.com,challenges.hackvent.hacking-lab.com,,,,,,,
,challenges.hackvent.hacking-lab.com,,,80.74.140.188,,,,
,,,,80.74.140.188,80.74.128.0-80.74.143.255,,,
,challenges.hackvent.hacking-lab.com,,,80.74.140.188,,,,
,whale.hacking-lab.com,,,80.74.140.188,,,,
,whale.hacking-lab.com,,,80.74.140.188,,,,
hacking-lab.com,whale.hacking-lab.com,,,,,,,
hacking-lab.com,challenges.hackvent.hacking-lab.com,,,,,,,
hacking-lab.com,shc.hacking-lab.com,,,,,,,
hacking-lab.com,editor.cyberpeace.hacking-lab.com,,,,,,,
hacking-lab.com,git.build.hacking-lab.com,,,,,,,
hacking-lab.com,search-ch-domains.idocker.hacking-lab.com,,,,,,,
,search-ch-domains.idocker.hacking-lab.com,,,51.15.43.110,,,,
,search-ch-domains.idocker.hacking-lab.com,,,51.15.43.110,,,,
,,,,51.15.43.110,51.15.0.0-51.15.255.255,,,
,,,,51.15.43.110,51.15.0.0-51.15.255.255,,,
,,,,51.15.66.91,51.15.0.0-51.15.255.255,,,
,,,,51.15.66.91,51.15.0.0-51.15.255.255,,,
,srdjan.idocker.hacking-lab.com,,,51.15.66.91,,,,
,srdjan.idocker.hacking-lab.com,,,51.15.66.91,,,,
hacking-lab.com,srdjan.idocker.hacking-lab.com,,,,,,,
,shc-subscribe.idocker.hacking-lab.com,,,51.15.43.110,,,,
,shc-subscribe.idocker.hacking-lab.com,,,51.15.43.110,,,,
hacking-lab.com,shc-subscribe.idocker.hacking-lab.com,,,,,,,
,idocker.hacking-lab.com,,,51.15.43.110,,,,
,idocker.hacking-lab.com,,,51.15.43.110,,,,
hacking-lab.com,idocker.hacking-lab.com,,,,,,,
hacking-lab.com,search-ch-domains.idocker.hacking-lab.com,,,,,,,
hacking-lab.com,auth.ost-dc.hacking-lab.com,,,,,,,
hacking-lab.com,ecsc.hacking-lab.com,,,,,,,
hacking-lab.com,res.ecsc.hacking-lab.com,,,,,,,
hacking-lab.com,srh-berlin.hacking-lab.com,,,,,,,
hacking-lab.com,registry.global.hacking-lab.com,,,,,,,
hacking-lab.com,livecd.hacking-lab.com,,,,,,,
hacking-lab.com,sanren.hacking-lab.com,,,,,,,
hacking-lab.com,auth.hsr.hacking-lab.com,,,,,,,
hacking-lab.com,it-kolleg.hacking-lab.com,,,,,,,
hacking-lab.com,editor.ecsc.hacking-lab.com,,,,,,,
hacking-lab.com,res.csa.hacking-lab.com,,,,,,,
hacking-lab.com,eucsc.hacking-lab.com,,,,,,,
hacking-lab.com,ranking.swisscom.hacking-lab.com,,,,,,,
hacking-lab.com,minio.global.hacking-lab.com,,,,,,,
hacking-lab.com,codemash.hacking-lab.com,,,,,,,
,codemash.hacking-lab.com,,,80.74.140.117,,,,
hacking-lab.com,codemash.hacking-lab.com,,,,,,,
hacking-lab.com,traun.hacking-lab.com,,,,,,,
hacking-lab.com,ping.infra.hacking-lab.com,,,,,,,
hacking-lab.com,strapi.hacking-lab.com,,,,,,,
hacking-lab.com,ping.global.hacking-lab.com,,,,,,,
hacking-lab.com,editor.traun.hacking-lab.com,,,,,,,
hacking-lab.com,editor.srh-berlin.hacking-lab.com,,,,,,,
hacking-lab.com,res.demo.hacking-lab.com,,,,,,,
hacking-lab.com,res.hslu.hacking-lab.com,,,,,,,
hacking-lab.com,editor.acsc.hacking-lab.com,,,,,,,
hacking-lab.com,csa.hacking-lab.com,,,,,,,
hacking-lab.com,sonarqube.build.hacking-lab.com,,,,,,,
hacking-lab.com,repo.hacking-lab.com,,,,,,,
,repo.hacking-lab.com,,,78.47.99.150,,,,
,repo.hacking-lab.com,,,78.47.99.150,,,,
,,,,78.47.99.150,78.46.0.0-78.47.255.255,,,
,,,,78.47.99.150,78.46.0.0-78.47.255.255,,,
hacking-lab.com,repo.hacking-lab.com,,,,,,,
hacking-lab.com,mongoui.hacking-lab.com,,,,,,,
hacking-lab.com,git.global.hacking-lab.com,,,,,,,
hacking-lab.com,open-austria.hacking-lab.com,,,,,,,
hacking-lab.com,cyberpeace.hacking-lab.com,,,,,,,
hacking-lab.com,editor.hsr.hacking-lab.com,,,,,,,
hacking-lab.com,editor.demo.hacking-lab.com,,,,,,,
hacking-lab.com,res.cyberpeace.hacking-lab.com,,,,,,,
hacking-lab.com,res.ict-berufsbildung.hacking-lab.com,,,,,,,
hacking-lab.com,auth.global.hacking-lab.com,,,,,,,
hacking-lab.com,ranking.vbs.hacking-lab.com,,,,,,,
hacking-lab.com,editor.academy.hacking-lab.com,,,,,,,
hacking-lab.com,res.hs-at.hacking-lab.com,,,,,,,
hacking-lab.com,editor.scs.hacking-lab.com,,,,,,,
hacking-lab.com,swisscom.hacking-lab.com,,,,,,,
hacking-lab.com,editor.hslu.hacking-lab.com,,,,,,,
hacking-lab.com,res.it-kolleg.hacking-lab.com,,,,,,,
hacking-lab.com,repository.build.hacking-lab.com,,,,,,,
hacking-lab.com,ranking.cyberlandsholdet.hacking-lab.com,,,,,,,
hacking-lab.com,build.hacking-lab.com,,,,,,,
hacking-lab.com,editor.cyberlandsholdet.hacking-lab.com,,,,,,,
hacking-lab.com,traefik.build.hacking-lab.com,,,,,,,
hacking-lab.com,help.ost-dc.hacking-lab.com,,,,,,,
hacking-lab.com,orca.hacking-lab.com,,,,,,,
,orca.hacking-lab.com,,,80.74.140.117,,,,
hacking-lab.com,orca.hacking-lab.com,,,,,,,
hacking-lab.com,res.compass.hacking-lab.com,,,,,,,
hacking-lab.com,res.hsr.hacking-lab.com,,,,,,,
hacking-lab.com,whale.hacking-lab.com,,,,,,,
hacking-lab.com,acsc.hacking-lab.com,,,,,,,
hacking-lab.com,cyberlandsholdet.hacking-lab.com,,,,,,,
hacking-lab.com,res.traun.hacking-lab.com,,,,,,,
hacking-lab.com,shop.hacking-lab.com,,,,,,,
hacking-lab.com,editor.csa.hacking-lab.com,,,,,,,
hacking-lab.com,res.srh-berlin.hacking-lab.com,,,,,,,
hacking-lab.com,shc-subscribe.idocker.hacking-lab.com,,,,,,,
hacking-lab.com,ranking.siw.hacking-lab.com,,,,,,,
hacking-lab.com,editor.swisscom.hacking-lab.com,,,,,,,
hacking-lab.com,level1.hacking-lab.com,,,,,,,
,level1.hacking-lab.com,,,80.74.140.118,,,,
,,,,80.74.140.118,80.74.128.0-80.74.143.255,,,
,level1.hacking-lab.com,,,80.74.140.118,,,,
,utils.hacking-lab.com,,,80.74.140.118,,,,
,utils.hacking-lab.com,,,80.74.140.118,,,,
hacking-lab.com,utils.hacking-lab.com,,,,,,,
hacking-lab.com,level1.hacking-lab.com,,,,,,,
hacking-lab.com,res.cyberlandsholdet.hacking-lab.com,,,,,,,
hacking-lab.com,editor.hs-at.hacking-lab.com,,,,,,,
hacking-lab.com,hsr.hacking-lab.com,,,,,,,
hacking-lab.com,utils.hacking-lab.com,,,,,,,
hacking-lab.com,nexus.build.hacking-lab.com,,,,,,,
hacking-lab.com,acsc2020.hacking-lab.com,,,,,,,
hacking-lab.com,team-austria.hacking-lab.com,,,,,,,
hacking-lab.com,srdjan.idocker.hacking-lab.com,,,,,,,
hacking-lab.com,editor.it-kolleg.hacking-lab.com,,,,,,,
hacking-lab.com,idocker.hacking-lab.com,,,,,,,
,,,,80.74.140.117,80.74.128.0-80.74.143.255,,,
,codemash.hacking-lab.com,,,80.74.140.117,,,,
,orca.hacking-lab.com,,,80.74.140.117,,,,
,,,,80.74.140.119,80.74.128.0-80.74.143.255,,,
,,,,80.74.140.133,80.74.128.0-80.74.143.255,,,
,,,,80.74.140.181,80.74.128.0-80.74.143.255,,,
,,ns2.compass-security.com,,80.74.140.181,,,,
,,,,80.74.140.181,80.74.128.0-80.74.143.255,,,
,,,,80.74.140.132,80.74.128.0-80.74.143.255,,,
,blog.compass-security.com,,,80.74.140.132,,,,
,blog.compass-security.com,,,80.74.140.132,,,,
compass-security.com,blog.compass-security.com,,,,,,,
,,,,80.74.140.132,80.74.128.0-80.74.143.255,,,
,analytics.compass-security.com,,,80.74.140.132,,,,
,analytics.compass-security.com,,,80.74.140.132,,,,
compass-security.com,analytics.compass-security.com,,,,,,,
,,,,80.74.140.178,80.74.128.0-80.74.143.255,,,
,,,,80.74.140.188,80.74.128.0-80.74.143.255,,,
,,,,80.74.140.118,80.74.128.0-80.74.143.255,,,
,adminer.www.compass-security.com,,,80.74.140.133,,,,
,adminer.www.compass-security.com,,,80.74.140.133,,,,
compass-security.com,adminer.www.compass-security.com,,,,,,,
,www-staging.compass-security.com,,,80.74.140.133,,,,
,www-staging.compass-security.com,,,80.74.140.133,,,,
compass-security.com,www-staging.compass-security.com,,,,,,,
,adminer.blog-staging.compass-security.com,,,80.74.140.133,,,,
,adminer.blog-staging.compass-security.com,,,80.74.140.133,,,,
compass-security.com,adminer.blog-staging.compass-security.com,,,,,,,
,adminer.www-staging.compass-security.com,,,80.74.140.133,,,,
,adminer.www-staging.compass-security.com,,,80.74.140.133,,,,
compass-security.com,adminer.www-staging.compass-security.com,,,,,,,
,blog-staging.compass-security.com,,,80.74.140.133,,,,
,blog-staging.compass-security.com,,,80.74.140.133,,,,
compass-security.com,blog-staging.compass-security.com,,,,,,,
compass-security.com,,ns1.compass-security.com,,,,,,
compass-security.com,,ns2.compass-security.com,,,,,,
compass-security.com,,,mx2.compass-security.com,,,,,
compass-security.com,,,mx1.compass-security.com,,,,,
compass-security.com,host-246-99.compass-security.com,,,,,,,
,host-246-99.compass-security.com,,,,,,,99.96-127.246.254.212.in-addr.arpa
compass-security.com,host-246-99.compass-security.com,,,,,,,
compass-security.com,,ns2.compass-security.com,,,,,,
compass-security.com,,ns1.compass-security.com,,,,,,
compass-security.com,,,mx1.compass-security.com,,,,,
compass-security.com,,,mx2.compass-security.com,,,,,
compass-security.com,host-246-97.compass-security.com,,,,,,,
,host-246-97.compass-security.com,,,,,,,97.96-127.246.254.212.in-addr.arpa
compass-security.com,host-246-97.compass-security.com,,,,,,,
compass-security.com,host-246-112.compass-security.com,,,,,,,
,host-246-112.compass-security.com,,,,,,,112.96-127.246.254.212.in-addr.arpa
compass-security.com,host-246-112.compass-security.com,,,,,,,
compass-security.com,secure.compass-security.com,,,,,,,
,secure.compass-security.com,,,,,,,49.215.135.193.in-addr.arpa
,secure.compass-security.com,,,193.135.215.49,,,,
,secure.compass-security.com,,,193.135.215.49,,,,
,,,,193.135.215.49,193.135.214.0-193.135.215.255,,,
compass-security.com,secure.compass-security.com,,,,,,,
compass-security.com,host-178-171.compass-security.com,,,,,,,
,host-178-171.compass-security.com,,,,,,,171.160-190.178.254.212.in-addr.arpa
compass-security.com,host-178-171.compass-security.com,,,,,,,
compass-security.com,host-178-163.compass-security.com,,,,,,,
,host-178-163.compass-security.com,,,,,,,163.160-190.178.254.212.in-addr.arpa
compass-security.com,host-178-163.compass-security.com,,,,,,,
compass-security.com,host-246-109.compass-security.com,,,,,,,
,host-246-109.compass-security.com,,,,,,,109.96-127.246.254.212.in-addr.arpa
compass-security.com,host-246-109.compass-security.com,,,,,,,
compass-security.com,fb.compass-security.com,,,,,,,
,fb.compass-security.com,,,193.135.215.47,,,,
,fb.compass-security.com,,,193.135.215.47,,,,
,,,,193.135.215.47,193.135.214.0-193.135.215.255,,,
compass-security.com,fb.compass-security.com,,,,,,,
,fb.compass-security.com,,,,,,,47.215.135.193.in-addr.arpa
compass-security.com,feedback.compass-security.com,,,,,,,
compass-security.com,host-178-170.compass-security.com,,,,,,,
,host-178-170.compass-security.com,,,,,,,170.160-190.178.254.212.in-addr.arpa
compass-security.com,host-178-170.compass-security.com,,,,,,,
compass-security.com,host-178-183.compass-security.com,,,,,,,
,host-178-183.compass-security.com,,,,,,,183.160-190.178.254.212.in-addr.arpa
compass-security.com,host-178-183.compass-security.com,,,,,,,
compass-security.com,host-178-187.compass-security.com,,,,,,,
,host-178-187.compass-security.com,,,,,,,187.160-190.178.254.212.in-addr.arpa
compass-security.com,host-178-187.compass-security.com,,,,,,,
compass-security.com,host-178-188.compass-security.com,,,,,,,
,host-178-188.compass-security.com,,,,,,,188.160-190.178.254.212.in-addr.arpa
compass-security.com,host-178-188.compass-security.com,,,,,,,
compass-security.com,host-246-114.compass-security.com,,,,,,,
,host-246-114.compass-security.com,,,,,,,114.96-127.246.254.212.in-addr.arpa
compass-security.com,host-246-114.compass-security.com,,,,,,,
compass-security.com,elmo.compass-security.com,,,,,,,
,elmo.compass-security.com,,,,,,,35.215.135.193.in-addr.arpa
,elmo.compass-security.com,,,81.62.246.62,,,,
,elmo.compass-security.com,,,81.62.246.62,,,,
,,,,81.62.246.62,81.62.0.0-81.63.255.255,,,
,,,,81.62.246.62,81.62.0.0-81.63.255.255,,,
compass-security.com,elmo.compass-security.com,,,,,,,
compass-security.com,host-246-105.compass-security.com,,,,,,,
,host-246-105.compass-security.com,,,,,,,105.96-127.246.254.212.in-addr.arpa
compass-security.com,host-246-105.compass-security.com,,,,,,,
compass-security.com,grobi.compass-security.com,,,,,,,
,grobi.compass-security.com,,,,,,,40.215.135.193.in-addr.arpa
,grobi.compass-security.com,,,193.135.215.40,,,,
,,ns1.compass-security.com,,193.135.215.40,,,,
,grobi.compass-security.com,,,193.135.215.40,,,,
,,,,193.135.215.40,193.135.214.0-193.135.215.255,,,
compass-security.com,grobi.compass-security.com,,,,,,,
compass-security.com,host-178-189.compass-security.com,,,,,,,
,host-178-189.compass-security.com,,,,,,,189.160-190.178.254.212.in-addr.arpa
compass-security.com,host-178-189.compass-security.com,,,,,,,
compass-security.com,host-178-160.compass-security.com,,,,,,,
,host-178-160.compass-security.com,,,,,,,160.160-190.178.254.212.in-addr.arpa
compass-security.com,host-178-160.compass-security.com,,,,,,,
compass-security.com,host-246-120.compass-security.com,,,,,,,
,host-246-120.compass-security.com,,,,,,,120.96-127.246.254.212.in-addr.arpa
compass-security.com,host-246-120.compass-security.com,,,,,,,
compass-security.com,host-178-179.compass-security.com,,,,,,,
,host-178-179.compass-security.com,,,,,,,179.160-190.178.254.212.in-addr.arpa
compass-security.com,host-178-179.compass-security.com,,,,,,,
compass-security.com,dfir.compass-security.com,,,,,,,
compass-security.com,host-246-106.compass-security.com,,,,,,,
,host-246-106.compass-security.com,,,,,,,106.96-127.246.254.212.in-addr.arpa
compass-security.com,host-246-106.compass-security.com,,,,,,,
compass-security.com,host-246-101.compass-security.com,,,,,,,
,host-246-101.compass-security.com,,,,,,,101.96-127.246.254.212.in-addr.arpa
compass-security.com,host-246-101.compass-security.com,,,,,,,
compass-security.com,osiris.compass-security.com,,,,,,,
compass-security.com,host-246-98.compass-security.com,,,,,,,
,host-246-98.compass-security.com,,,,,,,98.96-127.246.254.212.in-addr.arpa
compass-security.com,host-246-98.compass-security.com,,,,,,,
compass-security.com,pbx.compass-security.com,,,,,,,
,pbx.compass-security.com,,,164.128.167.164,,,,
,pbx.compass-security.com,,,164.128.167.164,,,,
,,,,164.128.167.164,164.128.128.0-164.128.255.255,,,
,,,,164.128.167.164,164.128.128.0-164.128.255.255,,,
compass-security.com,pbx.compass-security.com,,,,,,,
compass-security.com,media.compass-security.com,,,,,,,
compass-security.com,www.compass-security.com,,,,,,,
compass-security.com,traefik-web.compass-security.com,,,,,,,
compass-security.com,host-178-169.compass-security.com,,,,,,,
,host-178-169.compass-security.com,,,,,,,169.160-190.178.254.212.in-addr.arpa
compass-security.com,host-178-169.compass-security.com,,,,,,,
compass-security.com,host-246-108.compass-security.com,,,,,,,
,host-246-108.compass-security.com,,,,,,,108.96-127.246.254.212.in-addr.arpa
compass-security.com,host-246-108.compass-security.com,,,,,,,
compass-security.com,host-178-184.compass-security.com,,,,,,,
,host-178-184.compass-security.com,,,,,,,184.160-190.178.254.212.in-addr.arpa
compass-security.com,host-178-184.compass-security.com,,,,,,,
compass-security.com,host-246-122.compass-security.com,,,,,,,
,host-246-122.compass-security.com,,,,,,,122.96-127.246.254.212.in-addr.arpa
compass-security.com,host-246-122.compass-security.com,,,,,,,
compass-security.com,host-246-110.compass-security.com,,,,,,,
,host-246-110.compass-security.com,,,,,,,110.96-127.246.254.212.in-addr.arpa
compass-security.com,host-246-110.compass-security.com,,,,,,,
compass-security.com,host-178-185.compass-security.com,,,,,,,
,host-178-185.compass-security.com,,,,,,,185.160-190.178.254.212.in-addr.arpa
compass-security.com,host-178-185.compass-security.com,,,,,,,
compass-security.com,host-246-116.compass-security.com,,,,,,,
,host-246-116.compass-security.com,,,,,,,116.96-127.246.254.212.in-addr.arpa
compass-security.com,host-246-116.compass-security.com,,,,,,,
compass-security.com,host-246-121.compass-security.com,,,,,,,
,host-246-121.compass-security.com,,,,,,,121.96-127.246.254.212.in-addr.arpa
compass-security.com,host-246-121.compass-security.com,,,,,,,
compass-security.com,host-178-174.compass-security.com,,,,,,,
,host-178-174.compass-security.com,,,,,,,174.160-190.178.254.212.in-addr.arpa
compass-security.com,host-178-174.compass-security.com,,,,,,,
compass-security.com,host-246-118.compass-security.com,,,,,,,
,host-246-118.compass-security.com,,,,,,,118.96-127.246.254.212.in-addr.arpa
compass-security.com,host-246-118.compass-security.com,,,,,,,
compass-security.com,host-246-117.compass-security.com,,,,,,,
,host-246-117.compass-security.com,,,,,,,117.96-127.246.254.212.in-addr.arpa
compass-security.com,host-246-117.compass-security.com,,,,,,,
compass-security.com,host-246-123.compass-security.com,,,,,,,
,host-246-123.compass-security.com,,,,,,,123.96-127.246.254.212.in-addr.arpa
compass-security.com,host-246-123.compass-security.com,,,,,,,
compass-security.com,host-246-111.compass-security.com,,,,,,,
,host-246-111.compass-security.com,,,,,,,111.96-127.246.254.212.in-addr.arpa
compass-security.com,host-246-111.compass-security.com,,,,,,,
compass-security.com,host-178-168.compass-security.com,,,,,,,
,host-178-168.compass-security.com,,,,,,,168.160-190.178.254.212.in-addr.arpa
compass-security.com,host-178-168.compass-security.com,,,,,,,
compass-security.com,host-246-126.compass-security.com,,,,,,,
,host-246-126.compass-security.com,,,,,,,126.96-127.246.254.212.in-addr.arpa
compass-security.com,host-246-126.compass-security.com,,,,,,,
compass-security.com,host-246-127.compass-security.com,,,,,,,
,host-246-127.compass-security.com,,,,,,,127.96-127.246.254.212.in-addr.arpa
compass-security.com,host-246-127.compass-security.com,,,,,,,
compass-security.com,host-178-166.compass-security.com,,,,,,,
,host-178-166.compass-security.com,,,,,,,166.160-190.178.254.212.in-addr.arpa
compass-security.com,host-178-166.compass-security.com,,,,,,,
compass-security.com,host-246-104.compass-security.com,,,,,,,
,host-246-104.compass-security.com,,,,,,,104.96-127.246.254.212.in-addr.arpa
compass-security.com,host-246-104.compass-security.com,,,,,,,
compass-security.com,host-246-100.compass-security.com,,,,,,,
,host-246-100.compass-security.com,,,,,,,100.96-127.246.254.212.in-addr.arpa
compass-security.com,host-246-100.compass-security.com,,,,,,,
compass-security.com,host-178-186.compass-security.com,,,,,,,
,host-178-186.compass-security.com,,,,,,,186.160-190.178.254.212.in-addr.arpa
compass-security.com,host-178-186.compass-security.com,,,,,,,
compass-security.com,host-246-115.compass-security.com,,,,,,,
,host-246-115.compass-security.com,,,,,,,115.96-127.246.254.212.in-addr.arpa
compass-security.com,host-246-115.compass-security.com,,,,,,,
compass-security.com,crl.compass-security.com,,,,,,,
compass-security.com,host-246-102.compass-security.com,,,,,,,
,host-246-102.compass-security.com,,,,,,,102.96-127.246.254.212.in-addr.arpa
compass-security.com,host-246-102.compass-security.com,,,,,,,
compass-security.com,host-178-164.compass-security.com,,,,,,,
,host-178-164.compass-security.com,,,,,,,164.160-190.178.254.212.in-addr.arpa
compass-security.com,host-178-164.compass-security.com,,,,,,,
compass-security.com,host-246-113.compass-security.com,,,,,,,
,host-246-113.compass-security.com,,,,,,,113.96-127.246.254.212.in-addr.arpa
compass-security.com,host-246-113.compass-security.com,,,,,,,
compass-security.com,res.compass-security.com,,,,,,,
compass-security.com,vpn01.compass-security.com,,,,,,,
,vpn01.compass-security.com,,,193.135.215.43,,,,
,,,,193.135.215.43,193.135.214.0-193.135.215.255,,,
,vpn01.compass-security.com,,,193.135.215.43,,,,
,vpn02.compass-security.com,,,193.135.215.43,,,,
,vpn02.compass-security.com,,,193.135.215.43,,,,
compass-security.com,vpn02.compass-security.com,,,,,,,
compass-security.com,vpn01.compass-security.com,,,,,,,
compass-security.com,host-178-190.compass-security.com,,,,,,,
,host-178-190.compass-security.com,,,,,,,190.160-190.178.254.212.in-addr.arpa
compass-security.com,host-178-190.compass-security.com,,,,,,,
compass-security.com,blog.compass-security.com,,,,,,,
compass-security.com,blackout.compass-security.com,,,,,,,
,blackout.compass-security.com,,,80.254.178.110,,,,
,blackout.compass-security.com,,,80.254.178.110,,,,
,e1.compass-security.com,,,80.254.178.110,,,,
,e1.compass-security.com,,,80.254.178.110,,,,
compass-security.com,e1.compass-security.com,,,,,,,
,,,,80.254.178.110,80.254.160.0-80.254.191.255,,,
,,,,80.254.178.110,80.254.160.0-80.254.191.255,,,
compass-security.com,blackout.compass-security.com,,,,,,,
compass-security.com,e1.compass-security.com,,,,,,,
compass-security.com,deli.compass-security.com,,,,,,,
compass-security.com,host-246-119.compass-security.com,,,,,,,
,host-246-119.compass-security.com,,,,,,,119.96-127.246.254.212.in-addr.arpa
compass-security.com,host-246-119.compass-security.com,,,,,,,
compass-security.com,analytics.compass-security.com,,,,,,,
compass-security.com,host-178-172.compass-security.com,,,,,,,
,host-178-172.compass-security.com,,,,,,,172.160-190.178.254.212.in-addr.arpa
compass-security.com,host-178-172.compass-security.com,,,,,,,
compass-security.com,host-178-161.compass-security.com,,,,,,,
,host-178-161.compass-security.com,,,,,,,161.160-190.178.254.212.in-addr.arpa
compass-security.com,host-178-161.compass-security.com,,,,,,,
compass-security.com,host-178-182.compass-security.com,,,,,,,
,host-178-182.compass-security.com,,,,,,,182.160-190.178.254.212.in-addr.arpa
compass-security.com,host-178-182.compass-security.com,,,,,,,
compass-security.com,adminer.www.compass-security.com,,,,,,,
compass-security.com,sully.compass-security.com,,,,,,,
compass-security.com,vpn04.compass-security.com,,,,,,,
,vpn04.compass-security.com,,,82.139.196.136,,,,
,vpn04.compass-security.com,,,82.139.196.136,,,,
,,,,82.139.196.136,82.139.192.0-82.139.207.255,,,
,,,,82.139.196.136,82.139.192.0-82.139.207.255,,,
compass-security.com,vpn04.compass-security.com,,,,,,,
compass-security.com,vpn02.compass-security.com,,,,,,,
compass-security.com,host-178-181.compass-security.com,,,,,,,
,host-178-181.compass-security.com,,,,,,,181.160-190.178.254.212.in-addr.arpa
compass-security.com,host-178-181.compass-security.com,,,,,,,
compass-security.com,host-178-162.compass-security.com,,,,,,,
,host-178-162.compass-security.com,,,,,,,162.160-190.178.254.212.in-addr.arpa
compass-security.com,host-178-162.compass-security.com,,,,,,,
compass-security.com,host-246-107.compass-security.com,,,,,,,
,host-246-107.compass-security.com,,,,,,,107.96-127.246.254.212.in-addr.arpa
compass-security.com,host-246-107.compass-security.com,,,,,,,
compass-security.com,host-178-167.compass-security.com,,,,,,,
,host-178-167.compass-security.com,,,,,,,167.160-190.178.254.212.in-addr.arpa
compass-security.com,host-178-167.compass-security.com,,,,,,,
compass-security.com,www-staging.compass-security.com,,,,,,,
compass-security.com,host-178-173.compass-security.com,,,,,,,
,host-178-173.compass-security.com,,,,,,,173.160-190.178.254.212.in-addr.arpa
compass-security.com,host-178-173.compass-security.com,,,,,,,
compass-security.com,host-246-103.compass-security.com,,,,,,,
,host-246-103.compass-security.com,,,,,,,103.96-127.246.254.212.in-addr.arpa
compass-security.com,host-246-103.compass-security.com,,,,,,,
compass-security.com,elab.compass-security.com,,,,,,,
compass-security.com,adminer.blog-staging.compass-security.com,,,,,,,
compass-security.com,adminer.www-staging.compass-security.com,,,,,,,
compass-security.com,www.dfir.compass-security.com,,,,,,,
,www.dfir.compass-security.com,,,193.135.215.55,,,,
compass-security.com,www.dfir.compass-security.com,,,,,,,
compass-security.com,blog-staging.compass-security.com,,,,,,,
compass-security.com,wodan.compass-security.com,,,,,,,
,wodan.compass-security.com,,,82.139.253.26,,,,
,wodan.compass-security.com,,,82.139.253.26,,,,
,,,,82.139.253.26,82.139.224.0-82.139.255.255,,,
,,,,82.139.253.26,82.139.224.0-82.139.255.255,,,
,,,,82.139.253.24,82.139.224.0-82.139.255.255,,,
,mimir.compass-security.com,,,82.139.253.24,,,,
,mimir.compass-security.com,,,82.139.253.24,,,,
compass-security.com,mimir.compass-security.com,,,,,,,
,,,,82.139.253.24,82.139.224.0-82.139.255.255,,,
compass-security.com,wodan.compass-security.com,,,,,,,
compass-security.com,host-178-177.compass-security.com,,,,,,,
,host-178-177.compass-security.com,,,,,,,177.160-190.178.254.212.in-addr.arpa
compass-security.com,host-178-177.compass-security.com,,,,,,,
compass-security.com,mimir.compass-security.com,,,,,,,
compass-security.com,host-178-165.compass-security.com,,,,,,,
,host-178-165.compass-security.com,,,,,,,165.160-190.178.254.212.in-addr.arpa
compass-security.com,host-178-165.compass-security.com,,,,,,,
compass-security.com,elabdev.compass-security.com,,,,,,,
compass-security.com,host-246-125.compass-security.com,,,,,,,
,host-246-125.compass-security.com,,,,,,,125.96-127.246.254.212.in-addr.arpa
compass-security.com,host-246-125.compass-security.com,,,,,,,
,,,,193.135.215.55,193.135.214.0-193.135.215.255,,,
,www.dfir.compass-security.com,,,193.135.215.55,,,,
,,,,193.135.215.43,193.135.214.0-193.135.215.255,,,
,,,,193.135.215.47,193.135.214.0-193.135.215.255,,,
,,,,193.135.215.41,193.135.214.0-193.135.215.255,,,
,,,mx1.compass-security.com,193.135.215.41,,,,
,,,,193.135.215.41,193.135.214.0-193.135.215.255,,,
,,,,193.135.215.49,193.135.214.0-193.135.215.255,,,
,,,,193.135.215.40,193.135.214.0-193.135.215.255,,,
,,,,,164.128.128.0-164.128.255.255,3303,,
,,,,,81.62.0.0-81.63.255.255,3303,,
,,,,,,559,SWITCH Peering requests,
,,,,,152.96.0.0-152.96.255.255,559,,
,,,,,,6830,LGI-UPC formerly known as UPC Broadband Holding B.V.,
,,,,,62.2.0.0-62.2.255.255,6830,,
,,,,62.2.85.154,62.2.0.0-62.2.255.255,,,
,,,mx2.compass-security.com,62.2.85.154,,,,
,,,,62.2.85.154,62.2.0.0-62.2.255.255,,,
,,,,,,21069,ASN-METANET Routing/peering issues,
,,,,,80.74.128.0-80.74.143.255,21069,,
,,,,,80.74.144.0-80.74.159.255,21069,,
,,,,,,1836,GREEN green.ch AG Autonomous System,
,,,,,80.254.160.0-80.254.191.255,1836,,
,,,,,,14061,DIGITALOCEAN-ASN - DigitalOcean LLC,
,,,,,206.189.0.0-206.189.255.255,14061,,
,,,,,165.22.0.0-165.22.255.255,14061,,
,,,,,134.209.0.0-134.209.255.255,14061,,
,,,,,159.89.212.0-159.89.215.255,14061,,
,,,,,206.189.248.0-206.189.251.255,14061,,
,,,,,134.209.240.0-134.209.255.255,14061,,
,,,,,165.22.64.0-165.22.79.255,14061,,
,,,,,,12350,VTX-NETWORK,
,,,,,212.254.0.0-212.254.255.255,12350,,
,,,,,,0,Reserved Network Address Blocks,
,,,,,192.168.0.0-192.168.255.255,0,,
,,,,,,8820,TAL-DE Robertstrasse 6,
,,,,,82.139.192.0-82.139.207.255,8820,,
,,,,,82.139.224.0-82.139.255.255,8820,,
,,,,,,12876,Online SAS,
,,,,,51.15.0.0-51.15.255.255,12876,,
,,,,,,24940,HETZNER-AS,
,,,,,78.46.0.0-78.47.255.255,24940,,
